"0","整个屏幕颜色偏红"
"0","听筒声音偏小"
"0","外键盘灯的设计个人认为不是很科学"
"0","个人认为实用性不大"
"0","但强光下拍的照片太暗"
"0","输入法切换很不方便"
"0","但像素太低"
"0","内存太小"
"0","的内存显然是不够的"
"0","拍摄短片声音失真"
"0","短信中英文切换麻烦"
"0","价格太高"
"0","摄像头像素太低"
"0","电池太渣"
"0","对焦慢"
"0","稳定性照电子快门线和遥控器差的多"
"0","不过机身上的几个按键的设计本人并不喜欢"
"0","机身接口有点少"
"0","万摄像头一般"
"0","操作也不够准确"
"0","机身手感一般"
"0","感觉开关拧到距离过长"
"0","噪点控制一般"
"0","屏幕虽不细腻"
"0","可能屏小"
"0","玩游戏不爽"
"0","高感太夸张了"
"0","噪点也不明显"
"0","对焦点不行啊"
"0","软件应该真的是少"
"0","显示的字体有点太大了"
"0","没有徕卡快门声的清脆"
"0","听筒有点难看"
"0","后盖有点软"
"0","但其他条件下的拍摄就不怎么好了"
"0","三星确实存在太艳丽"
"0","不如做工好"
"0","但是外放喇叭那个差得"
"0","还有后盖特容易脏"
"0","精细程度不足"
"0","不过感觉快门很涩"
"0","感觉没有以前用的清脆"
"0","但是总是觉得系统和不是很好"
"0","并且自己不喜欢不标准的分辨率"
"0","可是的又感觉不给力"
"0","屏幕确实有点灰蒙蒙的感觉"
"0","续航能力只能算一般"
"0","第一感受做工不是很精细"
"0","运行起来不算是特别流畅"
"0","电池图标显示不准确"
"0","电池非常不经用"
"0","动态磁贴更新不及时"
"0","音乐播放控制复杂"
"0","各类中的按钮设计混乱"
"0","各种按钮的排序也是混乱的"
"0","电池太不好用"
"0","拆后盖太太太太太太太不方便"
"0","铃声小到听不见"
"0","查找联系人不方便"
"0","网络信号巨差"
"0","调菜单很麻烦"
"0","闹钟延时不方便"
"0","但色彩略差于"
"0","和的高感成像质量相比较而言就有些惨了"
"0","还有个我没搞明白的就是的地图明显老旧于"
"0","来去电背景难看死了"
"0","上网的流量吓人可能是系统不设防城门都没有"
"0","电池使用很心痛"
"0","上网的时候机身发热"
"0","图片显示超慢"
"0","显示屏幕颜色来讲要比差一些"
"0","具体说就是对比度差"
"0","颜色发白"
"0","软件软件兼容性上面有些不爽"
"0","确实看起来没帅气"
"0","参数平平"
"0","屏幕白色背景屏幕颜色不均匀"
"0","键盘支架看上去很脆弱"
"0","感觉音质没有我的好"
"0","电池就一般般"
"0","对焦点选择不是很方便"
"0","本来准备入手发现实物太小"
"0","太大"
"0","样子不是太好看"
"0","通话质量差这点最不能忍受和诺基亚不是一个级别的现在打电话都要狮吼对方才能挺清楚"
"0","音效差反正不怎么听歌这个也无所谓"
"0","来电铃声音量低不知道是不是喇叭装在手机背部的原因所致"
"0","的对比对焦显然没有的相位对焦快"
"0","都是因为软件太少了"
"0","本身黑莓的系统就很不开放"
"0","另外黑莓的桌面管理软件相当于的比较不人性化"
"0","升级慢"
"0","死机多"
"0","屏幕小了点"
"0","液晶屏像素太低"
"0","数据线好短"
"0","附带的耳机也不好"
"0","玩游戏发热也比较严重"
"0","名片簿里通过字母找人反映速度太慢"
"0","内存和已经在当今落伍了"
"0","键位设置不如全副方便"
"0","似乎无敌兔的也不如方便"
"0","拍照能力差"
"0","反应也慢"
"0","摄像还马马虎虎"
"0","且耗电量忒大"
"0","原配耳机音质太差"
"0","虽然分辨率差点"
"0","无线网络连接的也一般"
"0","很多人觉得造型很怪异"
"0","只有从机顶看觉得造型怪异些"
"0","机子很卡"
"0","重力非常不灵"
"0","上网或看短信时文字显示效果不佳"
"0","应用数量少而且质量差"
"0","速度也不是很给力"
"0","地图很糙"
"0","色彩饱和度不佳"
"0","奥巴的机器握感都不好"
"0","可是拍照质量不怎样"
"0","音质一般"
"0","还有尖叫的噪音"
"0","这手感真是差了点"
"0","握感不是十分的充盈"
"0","背部操作空间局促"
"0","不过功放一般"
"0","手机厚度虽然比现在的有些超薄手机略厚"
"0","屏幕参数并不算高端"
"0","机器价格有点高"
"0","所以对该手机功能研究的资源也稀少"
"0","随着的渐渐老迈及落伍"
"0","早前的诺基亚机在网上被批机身发热及电池不给力"
"0","但是很讨嫌界面发黄和死板的时间界面显示"
"0","真心不喜欢他们看着不痛不痒的外形"
"0","外放听着感觉很丢人"
"0","音质没我索爱好"
"0","怎么看起来也没我索爱的显示好"
"0","缺点是体积略大"
"0","重量重不少"
"0","这款手机电池虽然容量并不是太高"
"0","后台程序管理太差"
"0","耳机太差"
"0","本人的机器信号不是很强"
"0","还有就是电池不是很耐用"
"0","但是用手机网络就很慢了"
"0","铃声很小"
"0","音质也不是很好不过不会出现破音"
"0","没有后退键不方便"
"0","显示字体不清楚"
"0","搜索键挺碍事"
"0","缺点像素太高了"
"0","照相时光变的调节速度太快了"
"0","高倍光变后的照片清晰度层次感很不好"
"0","音质没我索爱好"
"0","的机身看上去没有以前的版本那么厚重扎实"
"0","就是那个大拨轮改的有点小"
"0","手机电池不耐用"
"0","或许是触控芯片的灵敏度低"
"0","虽然软件设计有欠缺"
"0","有些字体设计有点丑了"
"0","发热量在看视频的时候很明显"
"0","软件不全面待完善还可以接受"
"0","电池的确一般"
"0","拍摄近物和摄像时稳定性差"
"0","耗电和一样费电"
"0","照相有点失望"
"0","还有就是流畅度没有想象中好"
"0","使用起来发热没有控制好"
"0","目前最大的问题就是价格有些不实在"
"0","但整体性能还有所不足"
"0","三星的屏幕太毒了"
"0","单手操作显然不太现实"
"0","快门按下后的存储速度一般"
"0","首先手机发热稍微有点大"
"0","手机电池不耐用虽然是接近毫安的电池"
"0","待机时费电也很快"
"0","流量很费"
"0","只是控制和手感恐怕没有这么舒服"
"0","通话声音实在太小"
"0","听筒实在不敢恭维"
"0","连接不稳定"
"0","应用病毒广告很多"
"0","对焦系统虽然不够惊艳"
"0","但是个人感觉的呼吸灯没有那么优雅"
"0","的拍照功能不能说特别出众"
"0","导致对焦点分布非常狭小"
"0","对于构图非常不利"
"0","游戏进入比较慢"
"0","通话质量极差"
"0","太薄易摔坏易磨损"
"0","快的连过度动画都不完整"
"0","照相差些"
"0","发热一般"
"0","这么好看的外观为什么拍照效果十分一般其实算是不错了但是个人觉得配不上这个价位和外观应该有的拍照效果"
"0","不过我用的是理光手动标头很难做到对焦准确"
"0","拍摄音稍闷"
"0","广角时畸变很讨厌"
"0","色彩表现比差"
"0","缺点操作太麻烦了"
"0","播放音乐界面太幼稚了"
"0","持续时间太短"
"0","还有一个就是画面不够清晰锐利的问题"
"0","一开始那到手的时候觉得屏没我想象中的惊艳"
"0","手机太大"
"0","外放的声音手机外放无音质可言烂"
"0","我对这个机子的内放音质有点失望"
"0","系列的画质一般"
"0","觉得的设计很奇怪也不好看"
"0","外放孔位置确实不太合适"
"0","颜色没有的那么艳丽本人感觉的颜色过于失真但是的显示设置里面是有调整颜色的选项的"
"0","一些程序的启动刚开始感觉特别慢"
"0","屏幕显示一开始更是不习惯"
"0","但是有些软件同类软件做的不如苹果细致"
"0","待机也极为耗电"
"0","二是触屏不是很灵敏"
"0","最基本的续航太烂了"
"0","机子太大了点"
"0","就是后盖的设计太丑了"
"0","另外电池容量小了点"
"0","最大的不爽是充电太不方便了"
"0","拍出的画面会有模糊的感觉"
"0","操作系统复杂"
"0","画质很差哦"
"0","外放音量偏小"
"0","音质偏差"
"0","无用软件对于大陆来说太多这还好意思是行货"
"0","后台运行特么费电"
"0","反正索尼的手机拍照的成像效果都不怎么样"
"0","低感不纯净"
"0","色彩不准确比如红色偏品"
"0","外观没有效果图上的抢眼"
"0","索爱手机的设计师设计出来的界面让人十分的恶心"
"0","缺点软件占用内存和存储太多"
"0","说明他的电子设计和技术较低端"
"0","所以索尼设计理念上不高明"
"0","但玩起游戏来耗电实在太快了"
"0","卡插槽上端及背面金属下端和机身间缝隙过大"
"0","不过手感一般"
"0","正面太滑"
"0","外形太骚了"
"0","自动白平衡没有准"
"0","还不是非常完善"
"0","电池还是不太够"
"0","拍照在暗处表现一般"
"0","电池待机能力一般"
"0","份量也不轻"
"0","音量按键太灵敏"
"0","导航延迟有点大"
"0","只是用起来发热有点厉害"
"0","就是紫边太严重"
"0","照远景效果比许多机子差"
"0","成像不够锐利"
"0","出来的片子更糟"
"0","就感觉出来的片子更糟"
"0","主要是因为色散控制不好的原因"
"0","索尼手机外形偏厚"
"0","握持不舒服"
"0","手机听筒及外放声音偏小"
"0","手机触摸操作不够流畅"
"0","屏幕偏暗"
"0","色彩不鲜艳"
"0","分辨率太高"
"0","字体偏小"
"0","毕竟屏幕都耗电些"
"0","但是有不少软件都不顺"
"0","但实际试用发现对焦迟滞太严重"
"0","音质一般"
"0","但驱动有点慢"
"0","第二原机自带的耳机表现真心不好"
"0","第三信号和通话质量也欠佳"
"0","操作系统反映速度很慢"
"0","默认锐度和色彩鲜度都一般"
"0","因为外形太丑也许是个人喜好"
"0","主要是软件不多"
"0","存储速度慢"
"0","速度奇慢"
"0","电池不够用"
"0","高感不好"
"0","供货商的防伪标签很讨厌"
"0","摄像头那地方的设计太烂了"
"0","键程却很短"
"0","全键盘的按键太难用了"
"0","外放非常烂"
"0","电池使用寿命短不过该机器已经设计了外接电源的线孔"
"0","触摸屏灵敏度不够"
"0","查电话号码不方便"
"0","魔幻立方也是华而不实"
"0","字体偏小"
"0","户外模式音量太小"
"0","闹铃响铃时间不足"
"0","像素密度太密了"
"0","信息干扰比较大"
"0","电池不耐用"
"0","充电器与平板连接不是很可靠"
"0","唤醒屏幕的开关机键忒小了"
"0","输入字体太小"
"0","声音也小"
"0","屏幕滑动不灵活"
"0","按键触感不灵敏有时要用力按才行"
"0","返回键仍然有时迟钝"
"0","照相和视频有点色彩失真"
"0","但是屏幕实在不堪入目"
"0","图象完全看不清楚"
"0","感觉电池容量不够用"
"0","电池盖已经发现四周合不紧"
"0","可是那个尴尬的系统"
"0","名片全能王效果不是很好"
"0","因为经常看到有人说的声音一塌糊涂"
"0","对焦速度比较难"
"0","相机对焦和成像速度都慢了很多"
"0","电力很快不足"
"0","要用的话待机时间一般"
"0","抓手感不好"
"0","听音乐喇叭不好"
"0","铃声也不好"
"0","最致命的是显示像素相对于其配置来说不够高"
"0","操作系统反映速度很慢"
"0","功能菜单设置又不是很合理"
"0","以后操作应该不是很方便"
"0","真的就是系统慢了点"
"0","扬声器音量小"
"0","机型薄则电量不够"
"0","电信定制的软件太多"
"0","配置跑大型游戏还是不行"
"0","配件少保护套等"
"0","信号没有我老婆的强"
"0","震动的幅度太小"
"0","背面有点难看"
"0","摄像头设计有点突兀"
"0","而且音量调节键偏硬"
"0","连续自动对焦的速度是最差的"
"0","但声音很小"
"0","充电发热比较严重"
"0","打电话查号码确实不便"
"0","彩色偏暗黑"
"0","色彩灰暗"
"0","肤色偏黄"
"0","另外的快门声大且沉重"
"0","电池太不耐用"
"0","二是体型偏大了"
"0","但是便携性较差"
"0","声音就小很多甚至听不见了"
"0","万像素的摄像头不是很给力"
"0","手机连接电脑真心费劲"
"0","卡上的文件不方便管理"
"0","音质一般"
"0","成像也一般"
"0","拍照键有点小"
"0","位置也不太合理"
"0","耳机位置太尴尬"
"0","开机自动启动的软件太多了"
"0","缺点铃声震动感太小"
"0","视频录像时的音效很坑爹"
"0","刚上手觉得操作特别困难"
"0","色彩冷"
"0","发热依然严重"
"0","信号没传说那么给力"
"0","但体积不小"
"0","外接闪光灯真丑"
"1","相比之下放大十几倍依然清晰"
"1","快门声音变清脆多了"
"0","在系统的操作上没有感觉比差"
"1","速度上比只能用的卡要快"
"0","音质特好不要看高低音扩展"
"0","电池待机时间短"
"1","但操控极快"
"1","洞妖的处理器应该明显快于小五的"
"0","对焦速度慢"
"0","操作有些不方便"
"0","性能貌似也不弱"
"0","配长焦机身偏小"
"0","套头成像颜色偏冷"
"0","全黑色不张扬"
"0","成像效果并不差"
"1","手机配置均衡"
"1","配置较主流"
"0","而且手感也并不好"
"0","选更多是因为有个据说不太成熟的系统"
"0","缝隙大"
"0","待机或通话时耗电很少"
"1","发热量还算正常"
"0","高感也不比差"
"1","载入速度还是快过"
"1","完美屏"
"0","可视角度根本不是那些照片和黑子说的那样糟糕"
"0","如果开启夜景噪点高于"
"0","没见过这么耐用的电池"
"1","要比方便"
"1","视觉效果震撼"
"0","手机外观虽然不过时"
"0","重量不是很重"
"0","其实的设计并没有那么糟糕"
"0","电话没有觉得不方便"
"0","虽然手机的尺寸并不算很薄"
"1","外观惊艳"
"1","录制的录像放电脑上清晰"
"1","的机身内存够用了"
"0","铃声没有象别人说的比较小"
"0","尺寸应该也比镜头要小错了请纠正"
"0","出图也没此刻的干净"
"1","但是三星的全时手动对焦非常方便"
"0","但是的流线风格显然不比差"
"0","声音也不轻"
"1","机器配置可以"
"0","信号没别人说的那么差"
"1","的尽管非常麻烦可是还是有啊"
"0","缺点尺寸是有点大"
"0","文件大"
"1","音质方面绝对不会比好"
"0","感觉做工也差还好我找到以前的一个诺基亚耳机"
"1","方方正正"
"0","做工屏幕显示绝对没我索爱好"
"1","连拍速度比下降一半的确很意外"
"1","速度真的没的快"
"1","但是软件方面还需要加强"
"0","较小"
"1","制造精细"
"1","信号稳定"
"1","对手机最重要最基本的通讯功能处理的非常过硬"
"1","其附件做工同样厚道"
"1","造型独特"
"1","手感不错"
"1","既使强光下的清晰度也是不错的"
"1","电话薄管理软件出色"
"1","运行速度令人满意"
"1","音效也不错"
"1","内置的游戏也很独特"
"1","声音也清澈"
"1","数据传输更加方便多样化"
"1","扩展功能强"
"1","操作方便"
"1","菜单及界面设计很好"
"1","通话效果及信号很好"
"1","是本人用过的手机里通话质量最好的"
"1","拍照效果一流"
"1","待机时间还可以"
"1","铃声低音丰富"
"1","音质不错"
"1","操作很方便"
"1","外形美观大方"
"1","键盘设计还算简便合理"
"1","导航键漂亮且手感很好"
"1","摄像效果在像素的手机居于前茅"
"1","效果极佳"
"1","录音效果很逼真"
"1","手机图片编辑功能丰富多样"
"1","短信输入还算凑合"
"1","功能比较齐全"
"1","电话簿内容丰富"
"1","性价比超高"
"1","为欣赏音乐电影创造美妙的音质"
"1","索爱的原配耳机就已经很完美了"
"1","从简单的几个操作来讲速度比要快"
"1","我觉得真的很大气"
"1","应用体验经过优化的安卓系统体验非常好"
"1","就像上面说的操作很顺滑"
"1","高清视频非常流畅"
"1","而且还有很多人性化的细节"
"1","总结总体来说非常好"
"1","性价比非常高"
"1","感觉菜单比合理"
"1","变焦阻尼手感还行"
"1","反应速度可以"
"1","机子整体感觉不错"
"1","比较做工比较紧实"
"1","减噪不错"
"1","声音蛮好"
"1","整体不错"
"1","和功能真不错"
"1","其实我觉得那个翻转屏挺好"
"1","感觉界面很漂亮"
"1","触摸感也非常流畅"
"1","成像效果非常不错"
"1","个人觉得还是不错"
"1","整体感觉就是简洁"
"1","手感更好"
"1","键是一个非常有用的键"
"1","电池续航能力还不错"
"1","界面色彩觉得比三星好"
"1","但实际功能很实用"
"1","手机漂亮的说"
"1","画质很好"
"1","总体感觉挺不错"
"1","手感的分量还是蛮足的"
"1","耳塞还行"
"1","听歌的音质还是可以的"
"1","听通筒的音量也不错"
"1","的外形总的来说是蛮漂亮的"
"1","手感也很好"
"1","的反应是很灵敏的"
"1","新涂层手感也不错"
"1","脚架环拆装很方便"
"1","对焦很快"
"1","总体感觉很不错"
"1","我那台健在的开到最大声音质依然完美"
"1","照相方面色彩比较好"
"1","觉得还是和内存给力"
"1","电池很给力"
"1","信号不错"
"1","这是个没有让我失望的手机"
"1","总体感觉外观还可以"
"1","机身的操控性能很好"
"1","电容屏用起来还是蛮顺畅"
"1","反应比较准确"
"1","反应速度快"
"1","安装软件简单"
"1","上网速度可以"
"1","通话录音功能很实用"
"1","的噪点控制比要好"
"1","所以个人观点在这方面最优"
"1","总结下很好"
"1","安卓应用体验还不错"
"1","亲自试试荣耀的操作体验还不错"
"1","通话够清澈"
"1","三星的屏幕向来效果出众"
"1","外观外观还行"
"1","做工称得上工整"
"1","最大的卖点手写笔手感还好"
"1","特色当多媒体工具使用感觉很爽"
"1","看电影也相当爽"
"1","显示效果不错"
"1","但是实际使用中要比快很多流畅很多"
"1","自带耳机听歌音质还可以"
"1","也觉得操作非常方便"
"1","暗部对焦比好很多"
"1","整体手感还是不错的"
"1","的全钢机身带来的是无与伦比的重量"
"1","拍照效果还是很给力的"
"1","通话通话质量很好"
"1","主要是因为这两个头性价比很高"
"1","质量感觉不错"
"1","运行速度很快"
"1","但是开机速度还是挺快的"
"1","方面还算不错"
"1","通话音质清晰"
"1","信号也很好"
"1","键位也编排的不错"
"1","摄像头绝对比的清晰"
"1","屏幕还是很赞的"
"1","显示效果非常好"
"1","视窗真大真清晰啊"
"1","手感不错"
"1","功能很好玩"
"1","感觉速度不错"
"1","高感很强大"
"1","发现很好"
"1","发现整个机器很好看"
"1","颜色很好"
"1","机器很美很漂亮"
"1","手感不错"
"1","电容触摸屏爽快大屏幕"
"1","导航不错装了个凯立德"
"1","当然的优势在于对得更准"
"1","价格便宜"
"1","反应速度快系统简单了傻快傻快"
"1","安全设置丰富洋人用的多我们用的少"
"1","简单易用其实智能机你只要看过扫盲贴都简单易用黑莓的简单体现在不需要签名刷机的时候比起非大陆行的也方便一点"
"1","电池好"
"1","反应快是当然的"
"1","手感确很舒坦"
"1","拨轮和按钮的手感都好过小五"
"1","焦点准确"
"1","辅助对焦也足够了"
"1","对焦相当靠谱的"
"1","画质确实比小五提升了"
"1","洞妖的内闪非常不错"
"1","抗曝死能力极高"
"1","感觉还不错"
"1","电容屏手感不错"
"1","总体界面不错"
"1","个性化设置很丰富"
"1","反应灵敏"
"1","音质还是非常给力的"
"1","听歌和收音机很爽"
"1","首先不得不说这是一款性价比非常不错的低端智能机"
"1","感觉高通入门级双核表现还是不错的"
"1","该有的功能都有而且手感也还不错"
"1","总的来说是一款性价比很高的双核双卡双待联通手机"
"1","机身质量比我想象中的好得多"
"1","优点反应速度在同时代手机系列等系列中傲居榜首"
"1","手感不错"
"1","按键流畅"
"1","软件十分丰富"
"1","系统稳定"
"1","结构耐操"
"1","这个设计比较实用"
"1","肩屏很好"
"1","保证画质细腻"
"1","操作系统好看"
"1","可玩性还是挺高的"
"1","外观较时尚"
"1","按键位置比较合适"
"1","画面细腻"
"1","手机的外观手感非常的好"
"1","但屏幕非常的清晰"
"1","话筒非常的不错"
"1","音质清晰"
"1","对焦挺准的"
"1","颜色挺鲜艳的"
"1","低感下画质相当干净各"
"1","系统操作流畅"
"1","通话信号好"
"1","音质佳"
"1","锐度好"
"1","此头无疑在虚化上非常到位"
"1","重量还好"
"1","但是对紫边的控制绝对是数一数二的"
"1","给力的色彩"
"1","机身在寸屏手机行列中算轻巧的"
"1","操作反应很快"
"1","放大以后感觉拍照效果也不错"
"1","至少本人觉得外观比好看"
"1","不过手机确实蛮好看的"
"1","电子性能肯定是先进的"
"1","可用免费软件非常多"
"1","所以上手比较容易"
"1","高感的提升让我比较满意"
"1","尤其体现在拍动态画面的时候曝光更准确"
"1","感觉不错"
"1","运行流畅"
"1","对于四千分之一的快门够用"
"1","刚刚入手一款联想外观大气寸屏幕显示效果中上吧"
"1","触摸屏手感很好"
"1","双核玩极品飞车非常流畅"
"1","周边对焦点能用在反差高的地方还是很坚挺"
"1","中心对焦点绝对坚挺"
"1","系统比较流畅"
"1","系统流畅程度不错"
"1","虽说流畅程度不错"
"1","体验感虽好"
"1","总体不错"
"1","小分辨率屏幕无需太亮就很亮丽"
"1","于是新入更轻便的"
"1","感觉方便防抖功能确实很好"
"1","强大专业的三防应该是四防功能"
"1","外观尽显专业气质"
"1","科技感很强"
"1","手感不错"
"1","令人称赞的工业设计水准"
"1","大小比例也设计的好"
"1","但拿在手里握持感非常好"
"1","但实际显示效果不错"
"1","对比度好"
"1","层次感强"
"1","软件兼容性也很好"
"1","系统非常稳定"
"1","信号接收能力强"
"1","接收能力很强"
"1","网上的图片很惊艳"
"1","速度顺滑"
"1","苹果也很顺滑"
"1","很艳丽"
"1","手感不错"
"1","操控上我觉得很方便"
"1","我相信中心点绝对够用"
"1","的画面色彩很艳丽的感觉"
"1","细节部分明显清晰多了"
"1","比的优点是防抖极强"
"1","外形比较时尚"
"1","手机造型美观"
"1","手机造型个人认为不错"
"1","但是造型算是很不错的"
"1","但是充电很快的"
"1","自带的界面很美观"
"1","整个系统的使用非常顺畅"
"1","的设计很不错"
"1","界面虽然很美观"
"1","其性价比较高"
"1","造型大气简约"
"1","反应速度和效果都很棒"
"1","应用列表用字母查询其实也蛮方便的"
"1","系统自带的一些软件很不错"
"1","联网速度如果用无线信号的话很快"
"1","该机可玩性非常高"
"1","外壳触感很好"
"1","屏幕没的说清晰细腻真实对比"
"1","软件应用很流畅"
"1","自带输入法联想功能很强的"
"1","关于照相速度还算可以"
"1","白天照相挺清楚的"
"1","夜拍功能挺特别"
"1","功能齐全"
"1","光线暗出来的效果也不错"
"1","连拍强大"
"1","细节部分明显清晰多了"
"1","屏幕大看着感觉挺商务的"
"1","成像锐利"
"1","做工也不错"
"1","手感也很好"
"1","修长的身形"
"1","色彩还原度也很好"
"1","而且拍照速度很快"
"1","的速度的确很快"
"1","勿扰模式也很好"
"1","个人热点也很好"
"1","在拍摄中各种设置都很方便"
"1","人脸检测和笑脸拍摄很贴心"
"1","功能拍摄风景很实用"
"1","每秒张的连拍速度在同价位机身中很值得赞赏"
"1","比可以说性价比要好很多"
"1","很好用"
"1","的硬件还是不错"
"1","外形是漂亮的"
"1","软件的运行是流畅的"
"1","城市万花筒很好玩"
"1","功能还可以"
"1","机身轻巧"
"1","携带方便"
"1","手感不错"
"1","通话声音比好点"
"1","屏幕是的可视度比好"
"1","噪点控制比好"
"1","超薄的机身比还要出色不少"
"1","手机信号很强大"
"1","但的屏幕要的就是清澈透亮"
"1","的大屏真的太霸气了"
"1","手机的核处理器发热控制还好"
"1","听歌比音质好"
"1","质感不错"
"1","从画面讲色彩的确很艳丽"
"1","快门比家的好许多"
"1","音乐我觉的音乐表示能力还是不错的"
"1","挺好用的谁用谁知道哦"
"1","聚焦速度还是不错"
"1","系统其实还是蛮流畅的"
"1","尤其是那个纯净后台真心喜欢"
"1","系统升级也是比较方便的"
"1","连拍的速度特别是存储的速度非常快"
"1","小米的包装很严谨"
"1","反正小米的包装外观都还挺不错的"
"1","感觉屏幕很艳丽"
"1","显示效果真心很赞"
"1","小米的是让我感觉最舒心的"
"1","速度快我买来还没死机过"
"1","对焦速度很快"
"1","高感也不错"
"1","免费的网络还是不错的"
"1","话筒还可以"
"1","感觉系统在流程性及安全性方面做得更好"
"1","还是一些非常人性化的功能"
"1","画质确实有了不小的提高"
"1","同时取景器的效果非常棒"
"1","拍照跟屏幕相对好点"
"1","色彩丰富"
"1","性能良好"
"1","靓丽的外形"
"1","本次的纯白色机身十分漂亮"
"1","感觉就是动画漂亮了"
"1","内存控制比好"
"1","手感不错"
"1","速度很流畅"
"1","分辨率和锐度都很高"
"1","运行速度绝对的流畅"
"1","系统好些"
"1","当然的很多手势操作很人性化"
"1","长的特别漂亮"
"1","万像素对于一般用户来说足够了"
"1","该机器控噪能力还可以"
"1","操控手感不错"
"1","很稳定啊"
"1","屏幕实在是太惊艳了"
"1","我的屏幕可视角度很好"
"1","电池个人完全够用了"
"1","充电很快"
"1","耳机音质不错"
"1","不过拍的要比鲜艳点"
"1","不过的对焦速度是最快的"
"1","的的确很清晰"
"1","漂亮的外观"
"1","不错的配置除去"
"1","的功能很强大"
"1","这机器可玩性很高"
"1","相机内置的一些处理效果水彩画玩具等很有意思"
"1","关键的时候需要表现持续影像的短片功能还是很有用的"
"1","机身小真省劲啊"
"1","色温合适直出的成功率还是很高的"
"1","其他的如多重曝光等等功能都很强大"
"1","这款机器机型功能很合用"
"1","性能很强大"
"1","系统很流畅"
"1","屏幕很柔和"
"1","总得来说谷歌太子感觉还是不错的"
"1","优点音质非常不错"
"1","视频图像也很清晰"
"1","色彩还原较好"
"1","性价比很高"
"1","另外待机方面还算中规中矩"
"1","高感下的画质很优秀"
"1","控噪能力很不错"
"1","成像最新最好"
"1","价格也最高"
"1","比还快很多"
"1","设计也很棒"
"1","不过当我使用真机的时候发现这台相机的操纵十分方便"
"1","后面下了点小游戏画面绝对完美"
"1","音效方面自己感觉还可以吧"
"1","我感觉还是不错的"
"1","第二就是系统的可操作性很好很强大"
"1","但是通话质量真的很好因为我只用一张的卡所以暂时没发现那个用大卡爆音的问题"
"1","操作简便"
"1","机身做工还可以"
"1","音质也不错"
"1","最吸引人的特性还有小巧的机身高清视频拍摄和点测光"
"1","手感非常好"
"1","磨砂后背手感巨佳"
"1","做工非常好"
"1","正面光洁的玻璃"
"1","相机确实很牛"
"1","诺基亚地图确实不错"
"1","城市万花筒很好玩很实用"
"1","音乐播放比我的音效更好"
"1","拍摄的画面还不错"
"1","外观漂亮时尚"
"1","手感不错"
"1","硬件一流没什么说了"
"1","但是总觉得触屏确实用起来比较爽啊"
"1","舒服的是的服务很到位"
"1","打开网页非常迅速"
"1","划起来顺畅"
"1","整体观感现代感很强"
"1","毕竟人家的防水技术已经相当成熟了"
"1","进步的地方是高感细节表现良好"
"1","我个人觉得蝴蝶机的色彩比较讨人喜欢"
"1","还是比较顺畅"
"1","不过手感到是出奇的好"
"1","凸起的把手握感非常不错"
"1","手感极好"
"1","大小外形都合适"
"1","开机运行软件速度快"
"1","游戏运行好"
"1","照相功能强劲"
"1","当然也有优点清晰照相还行网速还可以"
"1","操作很快很流畅"
"1","呼吸灯设计很不错"
"1","画质锐利"
"1","处理器还算给力"
"1","涂层比想象中的好"
"1","拍照功能和效果比较强大"
"1","但是这款手机的拍照效果总体来说还是算不错的"
"1","内置的相机功能很丰富"
"1","还带了点自动对焦点对焦速度不错"
"1","圆润的按钮其实手感很不错"
"1","屏幕显示效果出色"
"1","音质还可以吧我对这个没什么高要求"
"1","的体积握起来手感还是不错的"
"1","再是黑色比例很协调"
"1","运行速度上快了不少"
"1","界面设计的很好"
"1","因为它的功能很不错"
"1","价格相对要便宜"
"1","而且配件也要便宜一些"
"1","手机系统界面华丽"
"1","手机运行还是非常流畅"
"1","玩游戏也非常流畅"
"1","界面很人性化"
"1","感觉绝对够出色"
"1","它的电子手动对焦很好用"
"1","成像属于最好的一类"
"1","对这款功能几乎完善的机子"
"1","它的分辨率很高"
"1","索尼外形时尚大气"
"1","做工精致耐看"
"1","屏幕很大很精细"
"1","设计很人性化"
"1","内置很多软件很贴心很方便很实用"
"1","启动对焦成像都是一流的"
"1","屏幕很好"
"1","系统运行非常流畅"
"1","通话质量可以"
"1","感觉一英寸大底确实不错"
"1","画质着实不错"
"1","高感还是不错的"
"1","其他片子感觉也还是很不错的局限于电脑显示"
"1","感觉夜景拍摄也很不错"
"1","的外观的确是最大亮点了"
"1","总结外形无可匹敌"
"1","速度是很快"
"0","优点太多了"
"1","手机外观很漂亮"
"1","索爱的做工实在是太好了"
"1","索爱的照相音乐和显示都很给力啊"
"1","分辨率很好"
"1","的屏幕很霸气"
"1","各项配置都是最好的"
"1","造型简约大方"
"1","色彩艳丽"
"1","索尼的可以说所有安卓机里最流畅最华丽的"
"1","所以精确度很高"
"1","色彩灰常鲜艳真实"
"1","上网速度应该是我见过速度最快的了"
"1","速度极快"
"1","速度非常快"
"1","成像效果不用说非常好"
"1","拍照效果完美"
"1","做工很好"
"1","每个细节都很出色"
"1","屏幕好"
"1","那个拍照实在是太好了"
"1","新的接口小巧得多了"
"1","当然屏幕这么好"
"1","看视频很棒了"
"1","感觉比要好"
"1","照相给力"
"1","外观霸气"
"1","流畅的"
"1","把锐度和色彩调到最高的效果就还不错"
"1","细节也不错"
"1","整体感觉也还成"
"1","防抖功能还行"
"1","变焦也和顺畅"
"1","自动对焦能力也不错"
"1","应该是比较好的"
"1","屏幕漂亮啊"
"1","手感是越来越好"
"1","录像效果很爽"
"1","正面非常帅"
"1","侧滑非常牛"
"1","按键很好看"
"1","摄像头效果不错"
"1","可玩性强"
"1","速度还不错"
"1","声音好"
"1","听筒外放都好"
"1","视频能力强"
"1","接电脑传输速度非常快"
"1","三星自己桌面的个桌面不错"
"1","导航功能很好"
"1","通讯录查找方便"
"1","整体感觉不错"
"1","外观时尚大气"
"1","金属外壳很有质感"
"1","按键手感不错"
"1","数据传输方便"
"1","传输速度理想"
"1","待机时间和通话时间较为理想"
"1","使用方便比较适合功能要求较少的人字体比较大"
"1","价格还是可以"
"1","到目前为止其表现堪称完美"
"1","性能还可以"
"1","　　画质表现应该是不错的"
"1","总起来评估手机还是满不错的"
"1","二是功能齐全"
"1","带的收音机也很好用"
"1","这款手机还是不错的"
"1","感觉摩托罗拉这个机子除了外观好看之外适合女孩子用"
"1","但是画质还是可以的"
"1","整体感觉性价比不错"
"1","整体造型不错"
"1","软件界面很漂亮"
"1","二次开发的界面和软件也不错"
"1","内置的很不错"
"1","图像刷新率很高"
"1","运行内存大就是好"
"1","自带的拨号程序已经挺不错了"
"1","屏幕我感觉比要好"
"1","点触控也不错"
"1","效果还是不错的"
"1","听歌的音质也不错"
"1","听筒的效果挺好的"
"1","电池电量还算够用"
"1","握感很舒服"
"1","厚度也适中"
"1","手感还是相当不错的"
"1","的拍照效果不错"
"1","拍照的速度还是很快的"
"1","信号都蛮好"
"1","这样的性价比还算不错了"
"1","画质还不错"
"1","当然手感很象还不错"
"1","录像也还可以"
"1","外观个人感觉非常精致芊薄"
"1","摄像头还可以"
"1","是做工厚实"
"1","用料好"
"1","开机够快"
"1","是颜色表现更舒服"
"1","出头性价比无敌"
"1","屏幕显示效果很好"
"1","触感也非常不错"
"1","系统简洁"
"1","外形设计真的很成功"
"1","非常成功的设计"
"1","在整体感上还更胜一筹"
"1","大确实是很不错的一款核强机"
"1","客观的说这机子画质还好"
"1","都是很好的机子"
"1","界面华丽基于"
"1","屏幕听说不错"
"1","系统流畅"
"1","上网那确实快"
"1","上网速度很快"
"1","色彩明艳"
"1","画面清晰恢宏"
"1","动作流畅"
"1","寸屏幕很漂亮啊"
"1","开机色彩很好"
"1","屏幕显示很好"
"1","手机运行很流畅"
"1","做工很不错"
"1","手机份量很足"
"1","手感好"
"1","外观很漂亮"
"1","通话质量好"
"1","信号不错"
"1","正常运行速度比之前买的山寨机好多了山寨机都是假的"
"1","即使是晚上的照片都是清晰的"
"1","其实效果还是很不错的"
"1","看来的还是不错的"
"1","以前用三星的感觉屏幕很好很牢靠"
"1","的大光圈相机进光确实不错"
"1","液晶屏上看还可以"
"1","机器屏幕确实很华丽"
"1","速度快"
"1","机器上网速度很快"
"1","电话信号也不错"
"1","摄像头个人感觉还不错"
"1","但信号非常不错"
"1","音质还不错"
"1","四个按键震动反馈适中"
"1","手感还不错"
"1","系统整体上很流畅"
"1","来电响应非常快"
"1","通话声音比较清晰"
"1","三防也不错"
"1","软件运行流畅"
"1","外观质朴小巧"
"1","携带方便"
"1","相当棒的画质"
"1","特别是手感真好"
"1","外形漂亮"
"1","运行流畅"
"1","但是界面华丽绝无卡顿"
"1","键盘手感不错"
"1","键位也挺合理"
"1","侧滑的键盘对我这样经常查英文单词的人来说很实用"
"1","听筒效果也不错"
"1","自动关机功能和关机闹铃功能都很实用"
"1","特色也很明显"
"1","内置音频不错"
"1","耳机播放音质不错"
"1","输入速度很快"
"1","像素不错"
"1","照片很清晰"
"1","总结华为荣耀这货基本不错"
"1","现在价格很好"
"1","太阳下拍人像非常有优势"
"1","做工不错"
"1","做工不错"
"1","按键布局很紧凑"
"1","手感不错"
"1","系统界面简单"
"1","信号很稳定"
"1","通话质量很好"
"1","上网速度很快"
"1","输入法自带的就很不错"
"1","表现优秀"
"1","按键的设置个人觉得很科学"
"1","还有值得赞一下的就是两机器的都很好"
"1","信号不错"
